<?xml version="1.0" encoding="UTF-8"?>
<project-private xmlns="http://www.netbeans.org/ns/project-private/1">
    <editor-bookmarks xmlns="http://www.netbeans.org/ns/editor-bookmarks/2" lastBookmarkId="0"/>
    <open-files xmlns="http://www.netbeans.org/ns/projectui-open-files/2">
        <group>
            <file>file:/C:/Users/palak/OneDrive/Documents/NetBeansProjects/EduSmart/web/feedback.jpg</file>
            <file>file:/C:/Users/palak/OneDrive/Documents/NetBeansProjects/EduSmart/web/myCourses.jsp</file>
            <file>file:/C:/Users/palak/OneDrive/Documents/NetBeansProjects/EduSmart/src/java/demoU/DeleteUserServlet.java</file>
            <file>file:/C:/Users/palak/OneDrive/Documents/NetBeansProjects/EduSmart/web/AllCourses.jsp</file>
            <file>file:/C:/Users/palak/OneDrive/Documents/NetBeansProjects/EduSmart/web/viewFeedback.jsp</file>
            <file>file:/C:/Users/palak/OneDrive/Documents/NetBeansProjects/EduSmart/web/adminDashboard.jsp</file>
            <file>file:/C:/Users/palak/OneDrive/Documents/NetBeansProjects/EduSmart/web/users.png</file>
            <file>file:/C:/Users/palak/OneDrive/Documents/NetBeansProjects/EduSmart/src/java/demoU/AddCourseServlet.java</file>
            <file>file:/C:/Users/palak/OneDrive/Documents/NetBeansProjects/EduSmart/web/resetPassword.jsp</file>
            <file>file:/C:/Users/palak/OneDrive/Documents/NetBeansProjects/EduSmart/web/assignment.jpg</file>
            <file>file:/C:/Users/palak/OneDrive/Documents/NetBeansProjects/EduSmart/web/signup.jsp</file>
            <file>file:/C:/Users/palak/OneDrive/Documents/NetBeansProjects/EduSmart/web/submitFeedback.jsp</file>
            <file>file:/C:/Users/palak/OneDrive/Documents/NetBeansProjects/EduSmart/web/login.html</file>
            <file>file:/C:/Users/palak/OneDrive/Documents/NetBeansProjects/EduSmart/web/testPage1.jsp</file>
            <file>file:/C:/Users/palak/OneDrive/Documents/NetBeansProjects/EduSmart/src/java/demoP/AddProjectTitleServlet.java</file>
            <file>file:/C:/Users/palak/OneDrive/Documents/NetBeansProjects/EduSmart/web/tutorPage.jsp</file>
            <file>file:/C:/Users/palak/OneDrive/Documents/NetBeansProjects/EduSmart/web/updateCourse.jsp</file>
            <file>file:/C:/Users/palak/OneDrive/Documents/NetBeansProjects/EduSmart/web/submitQuery.jsp</file>
            <file>file:/C:/Users/palak/OneDrive/Documents/NetBeansProjects/EduSmart/web/course1.jsp</file>
            <file>file:/C:/Users/palak/OneDrive/Documents/NetBeansProjects/EduSmart/web/verifyOTP.jsp</file>
            <file>file:/C:/Users/palak/OneDrive/Documents/NetBeansProjects/EduSmart/src/java/demoP/DeleteProjectTitle.java</file>
            <file>file:/C:/Users/palak/OneDrive/Documents/NetBeansProjects/EduSmart/web/feedbackConfirmation.jsp</file>
            <file>file:/C:/Users/palak/OneDrive/Documents/NetBeansProjects/EduSmart/web/footer.jsp</file>
            <file>file:/C:/Users/palak/OneDrive/Documents/NetBeansProjects/EduSmart/web/WEB-INF/web.xml</file>
            <file>file:/C:/Users/palak/OneDrive/Documents/NetBeansProjects/EduSmart/web/parentDashboard.jsp</file>
            <file>file:/C:/Users/palak/OneDrive/Documents/NetBeansProjects/EduSmart/src/java/demoU/RespondToQueryServlet.java</file>
            <file>file:/C:/Users/palak/OneDrive/Documents/NetBeansProjects/EduSmart/web/manageUsers.jsp</file>
            <file>file:/C:/Users/palak/OneDrive/Documents/NetBeansProjects/EduSmart/web/login.jsp</file>
            <file>file:/C:/Users/palak/OneDrive/Documents/NetBeansProjects/EduSmart/web/settings.jsp</file>
            <file>file:/C:/Users/palak/OneDrive/Documents/NetBeansProjects/EduSmart/src/java/demoP/EditProjectTitle.java</file>
            <file>file:/C:/Users/palak/OneDrive/Documents/NetBeansProjects/EduSmart/web/index.jsp</file>
            <file>file:/C:/Users/palak/OneDrive/Documents/NetBeansProjects/EduSmart/web/homepage.jpg</file>
            <file>file:/C:/Users/palak/OneDrive/Documents/NetBeansProjects/EduSmart/web/studentDashboard.jsp</file>
            <file>file:/C:/Users/palak/OneDrive/Documents/NetBeansProjects/EduSmart/web/enroll1.jsp</file>
            <file>file:/C:/Users/palak/OneDrive/Documents/NetBeansProjects/EduSmart/web/about.html</file>
            <file>file:/C:/Users/palak/OneDrive/Documents/NetBeansProjects/EduSmart/src/java/demoU/ViewStudentProgressServlet.java</file>
            <file>file:/C:/Users/palak/OneDrive/Documents/NetBeansProjects/EduSmart/web/Usersimg.png</file>
            <file>file:/C:/Users/palak/OneDrive/Documents/NetBeansProjects/EduSmart/web/Assignment.jsp</file>
            <file>file:/C:/Users/palak/OneDrive/Documents/NetBeansProjects/EduSmart/src/java/demoP/ForgotPasswordServlet.java</file>
            <file>file:/C:/Users/palak/OneDrive/Documents/NetBeansProjects/EduSmart/web/tutorDashboard.jsp</file>
            <file>file:/C:/Users/palak/OneDrive/Documents/NetBeansProjects/EduSmart/src/java/demoU/UpdateCourseServlet.java</file>
            <file>file:/C:/Users/palak/OneDrive/Documents/NetBeansProjects/EduSmart/web/forgotPassword.jsp</file>
            <file>file:/C:/Users/palak/OneDrive/Documents/NetBeansProjects/EduSmart/web/updateVideoStatus1.jsp</file>
            <file>file:/C:/Users/palak/OneDrive/Documents/NetBeansProjects/EduSmart/src/java/demoU/DeleteCourseServlet.java</file>
            <file>file:/C:/Users/palak/OneDrive/Documents/NetBeansProjects/EduSmart/src/java/demoU/GetAssignmentServlet.java</file>
            <file>file:/C:/Users/palak/OneDrive/Documents/NetBeansProjects/EduSmart/web/videoPage1.jsp</file>
            <file>file:/C:/Users/palak/OneDrive/Documents/NetBeansProjects/EduSmart/web/signup.html</file>
            <file>file:/C:/Users/palak/OneDrive/Documents/NetBeansProjects/EduSmart/web/validateTest1.jsp</file>
            <file>file:/C:/Users/palak/OneDrive/Documents/NetBeansProjects/EduSmart/web/ManageProject.jsp</file>
            <file>file:/C:/Users/palak/OneDrive/Documents/NetBeansProjects/EduSmart/web/viewQueries.jsp</file>
            <file>file:/C:/Users/palak/OneDrive/Documents/NetBeansProjects/EduSmart/web/styles.css</file>
            <file>file:/C:/Users/palak/OneDrive/Documents/NetBeansProjects/EduSmart/web/home.jpg</file>
            <file>file:/C:/Users/palak/OneDrive/Documents/NetBeansProjects/EduSmart/web/feedback.jsp</file>
            <file>file:/C:/Users/palak/OneDrive/Documents/NetBeansProjects/EduSmart/web/addCourse.jsp</file>
            <file>file:/C:/Users/palak/OneDrive/Documents/NetBeansProjects/EduSmart/src/java/demoU/Upload_Servlet.java</file>
        </group>
    </open-files>
</project-private>
